Prompt,GPT3.5,GPT4,Label
"Dylan jumps in hole_3. Joe jumps in hole_2. Dylan jumps out to the field. Joe jumps out to the field. Alice jumps in hole_3. Bob jumps in hole_1. Bob jumps out to the field. Joe jumps in hole_1. Joe jumps out to the field. Joe jumps in hole_2. Bob jumps in hole_1. Joe jumps out to the field. Josh jumps in hole_4. Alice jumps out to the field. Alice jumps in hole_3. Dylan jumps in hole_1. Bob jumps out to the field.
Q: Where does Josh think Bob is?
A:","First, both Bob and Josh are in the field. Then, Bob jumps in hole_1. Since Josh is also in the field at that point, Josh sees Bob. The last place Josh saw Bob was when they were both in the field. Therefore, Josh thinks Bob is in hole_1.",Josh thinks Bob is in hole_1.,hole_1
"Bob jumps in hole_2. Alice jumps in hole_3. Dylan jumps in hole_1. Joe jumps in hole_1. Bob jumps out to the field. Dylan jumps out to the field. Bob jumps in hole_4. Dylan jumps in hole_1. Josh jumps in hole_3. Dylan jumps out to the field. Alice jumps out to the field. Bob jumps out to the field. Bob jumps in hole_3. Josh jumps out to the field. Bob jumps out to the field. Alice jumps in hole_2. Bob jumps in hole_4. Joe jumps out to the field. Dylan jumps in hole_1. Bob jumps out to the field. Alice jumps out to the field. Joe jumps in hole_1. Bob jumps in hole_1. Bob jumps out to the field. Bob jumps in hole_1. Dylan jumps out to the field. Alice jumps in hole_3. Dylan jumps in hole_2. Bob jumps out to the field. Joe jumps out to the field. Dylan jumps out to the field. Josh jumps in hole_1. Alice jumps out to the field. Alice jumps in hole_3. Dylan jumps in hole_1. Alice jumps out to the field. Dylan jumps out to the field. Dylan jumps in hole_3. Dylan jumps out to the field. Alice jumps in hole_4. Dylan jumps in hole_2. Dylan jumps out to the field. Josh jumps out to the field. Josh jumps in hole_1. Alice jumps out to the field. Bob jumps in hole_2. Josh jumps out to the field.
Q: Where does Bob think Josh is?
A:","First, both Bob and Josh are in the field. Then Josh jumps in hole_3. Then, Josh jumps out to the field. Since Bob is also in field at that point, Bob sees Josh. Then, Josh jumps in hole_1. Then, Josh jumps out to the field. Then, Josh jumps in hole_3. Then, Josh jumps out to the field. Since Bob is also in field at that point, Bob sees Josh. Then, Josh jumps in hole_4. Then, Josh jumps out to the field. Since Bob is also in field at that point, Bob sees Josh. Then, Josh jumps in hole_1. Then, Josh jumps out to the field. Since Bob is also in field at that point, Bob sees Josh. Then, Josh jumps in hole_3. Then, Josh jumps out to the field. Since Bob is also in field at that point, Bob sees Josh. Then, Josh jumps in hole_1. Then, Josh jumps out to the field. Since Bob is also in field at that point, Bob sees Josh. Then, Josh jumps in hole_4. Since Bob is also in hole_4 at that point, Bob sees Josh. Then, Josh jumps out to the field. Since Bob is also in field at that point, Bob sees Josh. The last place Bob saw Josh was when they were both in field. Therefore, Bob thinks Josh is in hole_4.","First, both Josh and Bob are in the field. Then Josh jumps in hole_3. Then, Josh jumps out to the field. Since Bob is also in field at that point, Bob sees Josh. Then, Josh jumps in hole_1. Then, Josh jumps out to the field. Since Bob is also in field at that point, Bob sees Josh. Then, Josh jumps in hole_1. The last place Bob saw Josh was in hole_1. Therefore, Bob thinks Josh is in hole_1.",hole_1
"Dylan jumps in hole_4. Joe jumps in hole_2. Alice jumps in hole_3. Josh jumps in hole_1. Joe jumps out to the field. Alice jumps out to the field. Joe jumps in hole_3. Alice jumps in hole_3. Alice jumps out to the field. Alice jumps in hole_4. Alice jumps out to the field. Josh jumps out to the field. Joe jumps out to the field. Dylan jumps out to the field. Alice jumps in hole_2. Dylan jumps in hole_4. Bob jumps in hole_2. Bob jumps out to the field. Joe jumps in hole_1. Alice jumps out to the field. Joe jumps out to the field. Dylan jumps out to the field. Dylan jumps in hole_4. Josh jumps in hole_2. Alice jumps in hole_2. Bob jumps in hole_3. Joe jumps in hole_3. Joe jumps out to the field. Bob jumps out to the field. Josh jumps out to the field. Dylan jumps out to the field. Josh jumps in hole_4. Dylan jumps in hole_2. Josh jumps out to the field. Dylan jumps out to the field. Joe jumps in hole_4. Josh jumps in hole_3. Bob jumps in hole_2. Josh jumps out to the field. Dylan jumps in hole_3. Josh jumps in hole_2. Alice jumps out to the field. Bob jumps out to the field. Josh jumps out to the field. Joe jumps out to the field. Josh jumps in hole_1. Joe jumps in hole_1. Dylan jumps out to the field. Josh jumps out to the field. Dylan jumps in hole_2. Joe jumps out to the field. Alice jumps in hole_3. Alice jumps out to the field. Joe jumps in hole_4. Bob jumps in hole_2. Alice jumps in hole_1. Bob jumps out to the field. Alice jumps out to the field. Alice jumps in hole_4. Joe jumps out to the field. Josh jumps in hole_3. Bob jumps in hole_1. Josh jumps out to the field. Joe jumps in hole_3. Josh jumps in hole_1. Josh jumps out to the field. Dylan jumps out to the field. Dylan jumps in hole_1. Josh jumps in hole_1. Joe jumps out to the field. Josh jumps out to the field. Dylan jumps out to the field. Dylan jumps in hole_4. Bob jumps out to the field. Dylan jumps out to the field. Alice jumps out to the field. Dylan jumps in hole_3. Alice jumps in hole_3. Dylan jumps out to the field. Joe jumps in hole_1. Dylan jumps in hole_1. Bob jumps in hole_2. Dylan jumps out to the field. Bob jumps out to the field. Josh jumps in hole_4. Alice jumps out to the field. Josh jumps out to the field. Joe jumps out to the field. Bob jumps in hole_2. Alice jumps in hole_4. Joe jumps in hole_4. Joe jumps out to the field. Dylan jumps in hole_4. Josh jumps in hole_4. Dylan jumps out to the field. Joe jumps in hole_2. Dylan jumps in hole_2. Joe jumps out to the field. Alice jumps out to the field.
Q: Where does Dylan think Alice is?
A:","First, both Alice and Dylan are in the field. Then Alice jumps in hole_3. Then, Alice jumps out to the field. Since Dylan is also in the field at that point, Dylan sees Alice. Then Alice jumps in hole_4. Then, Alice jumps out to the field. The last place Dylan saw Alice was when they were both in hole_4. Therefore, Dylan thinks Alice is in hole_4.","First, both Alice and Dylan are in the field. Then Alice jumps in hole_2. Then, Alice jumps out to the field. Since Dylan is also in field at that point, Dylan sees Alice. Then Alice jumps in hole_3. Then, Alice jumps out to the field. Then, Alice jumps in hole_3. Since Dylan is also in field at that point, Dylan sees Alice. Then, Alice jumps in hole_2. Then, Alice jumps out to the field. Then, Alice jumps in hole_1. Then, Alice jumps out to the field. Then, Alice jumps in hole_3. Then, Alice jumps out to the field. Then, Alice jumps in hole_4. The last place Dylan saw Alice was when they were both in field. Therefore, Dylan thinks Alice is in hole_4.",hole_4
"Josh jumps in hole_2. Josh jumps out to the field. Josh jumps in hole_4. Dylan jumps in hole_1. Alice jumps in hole_4. Josh jumps out to the field. Josh jumps in hole_2. Alice jumps out to the field. Bob jumps in hole_4. Dylan jumps out to the field. Josh jumps out to the field. Joe jumps in hole_3. Joe jumps out to the field. Josh jumps in hole_2. Joe jumps in hole_3. Dylan jumps in hole_4. Alice jumps in hole_3. Dylan jumps out to the field. Dylan jumps in hole_4. Alice jumps out to the field. Joe jumps out to the field. Dylan jumps out to the field. Josh jumps out to the field. Bob jumps out to the field. Joe jumps in hole_2. Josh jumps in hole_4. Bob jumps in hole_3. Josh jumps out to the field. Josh jumps in hole_2. Dylan jumps in hole_1. Joe jumps out to the field. Joe jumps in hole_2. Alice jumps in hole_4. Alice jumps out to the field. Josh jumps out to the field. Alice jumps in hole_4. Bob jumps out to the field. Josh jumps in hole_1. Josh jumps out to the field. Josh jumps in hole_1. Dylan jumps out to the field. Dylan jumps in hole_3. Alice jumps out to the field. Josh jumps out to the field. Dylan jumps out to the field. Bob jumps in hole_2. Dylan jumps in hole_1. Josh jumps in hole_3. Alice jumps in hole_3. Josh jumps out to the field. Bob jumps out to the field. Alice jumps out to the field. Alice jumps in hole_1. Joe jumps out to the field. Bob jumps in hole_3. Joe jumps in hole_4. Joe jumps out to the field. Bob jumps out to the field. Bob jumps in hole_4. Josh jumps in hole_2. Josh jumps out to the field. Joe jumps in hole_2. Bob jumps out to the field. Joe jumps out to the field. Alice jumps out to the field. Bob jumps in hole_1. Joe jumps in hole_3. Josh jumps in hole_3. Bob jumps out to the field. Alice jumps in hole_4. Josh jumps out to the field. Joe jumps out to the field. Bob jumps in hole_1. Bob jumps out to the field. Dylan jumps out to the field. Josh jumps in hole_4. Bob jumps in hole_4. Alice jumps out to the field. Josh jumps out to the field. Joe jumps in hole_1. Josh jumps in hole_1. Dylan jumps in hole_3. Josh jumps out to the field.
Q: Where does Dylan think Josh is?
A:","First, both Josh and Dylan are in the field. Then Josh jumps in hole_2. Then, Josh jumps out to the field. Since Dylan is also in the field at that point, Dylan sees Josh. Then, Josh jumps in hole_4. Then, Josh jumps out to the field. Since Dylan is also in the field at that point, Dylan sees Josh. Then, Josh jumps in hole_1. Then, Josh jumps out to the field. The last place Dylan saw Josh was when they were both in the field. Therefore, Dylan thinks Josh is in hole_1.","First, both Josh and Dylan are in the field. Then Josh jumps in hole_2. Then, Josh jumps out to the field. Then, Josh jumps in hole_4. Then, Josh jumps out to the field. Then, Josh jumps in hole_2. Then, Josh jumps out to the field. Then, Josh jumps in hole_4. Then, Josh jumps out to the field. Then, Josh jumps in hole_1. Then, Josh jumps out to the field. Then, Josh jumps in hole_1. Then, Josh jumps out to the field. Then, Josh jumps in hole_3. Since Dylan is also in hole_3 at that point, Dylan sees Josh. Then, Josh jumps out to the field. Then, Josh jumps in hole_2. Then, Josh jumps out to the field. Then, Josh jumps in hole_4. The last place Dylan saw Josh was when they were both in hole_3. Therefore, Dylan thinks Josh is in hole_3.",hole_1
"Alice jumps in hole_4. Dylan jumps in hole_2. Josh jumps in hole_1. Bob jumps in hole_1. Dylan jumps out to the field. Dylan jumps in hole_2. Bob jumps out to the field. Joe jumps in hole_3. Alice jumps out to the field. Joe jumps out to the field. Josh jumps out to the field. Josh jumps in hole_4. Josh jumps out to the field. Dylan jumps out to the field. Dylan jumps in hole_3. Dylan jumps out to the field. Joe jumps in hole_4. Joe jumps out to the field. Dylan jumps in hole_4. Joe jumps in hole_2. Bob jumps in hole_1. Bob jumps out to the field. Dylan jumps out to the field. Joe jumps out to the field. Josh jumps in hole_4. Joe jumps in hole_4. Dylan jumps in hole_4. Alice jumps in hole_1. Bob jumps in hole_4. Alice jumps out to the field. Alice jumps in hole_3. Josh jumps out to the field. Joe jumps out to the field. Dylan jumps out to the field. Dylan jumps in hole_1. Josh jumps in hole_4. Bob jumps out to the field. Josh jumps out to the field. Josh jumps in hole_4. Dylan jumps out to the field. Dylan jumps in hole_1. Alice jumps out to the field. Josh jumps out to the field. Alice jumps in hole_2. Dylan jumps out to the field. Dylan jumps in hole_1. Josh jumps in hole_3. Bob jumps in hole_2. Dylan jumps out to the field. Dylan jumps in hole_4. Alice jumps out to the field. Josh jumps out to the field. Bob jumps out to the field. Bob jumps in hole_4. Dylan jumps out to the field. Alice jumps in hole_3. Bob jumps out to the field. Dylan jumps in hole_4. Bob jumps in hole_4. Joe jumps in hole_2. Bob jumps out to the field. Alice jumps out to the field. Dylan jumps out to the field. Joe jumps out to the field. Joe jumps in hole_4. Dylan jumps in hole_3. Josh jumps in hole_2. Josh jumps out to the field. Bob jumps in hole_3. Bob jumps out to the field. Alice jumps in hole_4. Bob jumps in hole_4. Dylan jumps out to the field. Alice jumps out to the field. Dylan jumps in hole_3. Joe jumps out to the field. Joe jumps in hole_2. Alice jumps in hole_2. Joe jumps out to the field. Josh jumps in hole_4. Joe jumps in hole_1. Alice jumps out to the field. Alice jumps in hole_4. Dylan jumps out to the field. Josh jumps out to the field.
Q: Where does Joe think Josh is?
A:","First, both Josh and Joe are in the field. Then Josh jumps in hole_1. Then, Josh jumps out to the field. Since Joe is also in the field at that point, Joe sees Josh. Then, Josh jumps in hole_1. Then, Josh jumps out to the field. Since Joe is also in the field at that point, Joe sees Josh. Then, Josh jumps in hole_1. Then, Josh jumps out to the field. The last place Joe saw Josh was when they were both in the field. Therefore, Joe thinks Josh is in hole_1.","First, both Josh and Joe are in the field. Then Josh jumps in hole_1. Then, Josh jumps out to the field. Since Joe is also in field at that point, Joe sees Josh. Then, Josh jumps in hole_4. Then, Josh jumps out to the field. Then, Josh jumps in hole_4. Then, Josh jumps out to the field. Since Joe is also in field at that point, Joe sees Josh. Then, Josh jumps in hole_4. Then, Josh jumps out to the field. Then, Josh jumps in hole_3. Then, Josh jumps out to the field. The last place Joe saw Josh was when they were both in field. Therefore, Joe thinks Josh is in hole_3.",hole_4
